{
    "values": [
        {
            "id": "#bf_iris:shape_groups/horse",
            "required": false
        },
        {
            "id": "minecraft:iron_golem",
            "required": false
        },
        {
            "id": "minecraft:leash_knot",
            "required": false
        },
        {
            "id": "#bf_iris:shape_groups/llama",
            "required": false
        },
        {
            "id": "#bf_iris:shape_groups/magma_cube",
            "required": false
        },
        {
            "id": "minecraft:panda",
            "required": false
        },
        {
            "id": "minecraft:phantom",
            "required": false
        },
        {
            "id": "minecraft:pig",
            "required": false
        },
        {
            "id": "minecraft:polar_bear",
            "required": false
        },
        {
            "id": "minecraft:pufferfish",
            "required": false
        },
        {
            "id": "minecraft:rabbit",
            "required": false
        },
        {
            "id": "minecraft:ravager",
            "required": false
        },
        {
            "id": "minecraft:salmon",
            "required": false
        }
    ]
}