{
    "values": [
        {
            "id": "minecraft:acacia_slab",
            "required": false
        },
        {
            "id": "minecraft:andesite_slab",
            "required": false
        },
        {
            "id": "minecraft:bamboo_mosaic_slab",
            "required": false
        },
        {
            "id": "minecraft:bamboo_slab",
            "required": false
        },
        {
            "id": "minecraft:birch_slab",
            "required": false
        },
        {
            "id": "minecraft:blackstone_slab",
            "required": false
        },
        {
            "id": "minecraft:brick_slab",
            "required": false
        },
        {
            "id": "minecraft:cherry_slab",
            "required": false
        },
        {
            "id": "minecraft:cobbled_deepslate_slab",
            "required": false
        },
        {
            "id": "minecraft:cobblestone_slab",
            "required": false
        },
        {
            "id": "minecraft:crimson_slab",
            "required": false
        },
        {
            "id": "minecraft:cut_copper_slab",
            "required": false
        },
        {
            "id": "minecraft:cut_red_sandstone_slab",
            "required": false
        },
        {
            "id": "minecraft:cut_sandstone_slab",
            "required": false
        },
        {
            "id": "minecraft:dark_oak_slab",
            "required": false
        },
        {
            "id": "minecraft:dark_prismarine_slab",
            "required": false
        },
        {
            "id": "minecraft:deepslate_brick_slab",
            "required": false
        },
        {
            "id": "minecraft:deepslate_tile_slab",
            "required": false
        },
        {
            "id": "minecraft:diorite_slab",
            "required": false
        },
        {
            "id": "minecraft:end_stone_brick_slab",
            "required": false
        },
        {
            "id": "minecraft:exposed_cut_copper_slab",
            "required": false
        },
        {
            "id": "minecraft:granite_slab",
            "required": false
        },
        {
            "id": "minecraft:jungle_slab",
            "required": false
        },
        {
            "id": "minecraft:mangrove_slab",
            "required": false
        },
        {
            "id": "minecraft:mossy_cobblestone_slab",
            "required": false
        },
        {
            "id": "minecraft:mossy_stone_brick_slab",
            "required": false
        },
        {
            "id": "minecraft:mud_brick_slab",
            "required": false
        },
        {
            "id": "minecraft:nether_brick_slab",
            "required": false
        },
        {
            "id": "minecraft:oak_slab",
            "required": false
        },
        {
            "id": "minecraft:oxidized_cut_copper_slab",
            "required": false
        },
        {
            "id": "minecraft:petrified_oak_slab",
            "required": false
        },
        {
            "id": "minecraft:polished_andesite_slab",
            "required": false
        },
        {
            "id": "minecraft:polished_blackstone_brick_slab",
            "required": false
        },
        {
            "id": "minecraft:polished_blackstone_slab",
            "required": false
        },
        {
            "id": "minecraft:polished_deepslate_slab",
            "required": false
        },
        {
            "id": "minecraft:polished_diorite_slab",
            "required": false
        },
        {
            "id": "minecraft:polished_granite_slab",
            "required": false
        },
        {
            "id": "minecraft:polished_tuff_slab",
            "required": false
        },
        {
            "id": "minecraft:prismarine_brick_slab",
            "required": false
        },
        {
            "id": "minecraft:prismarine_slab",
            "required": false
        },
        {
            "id": "minecraft:purpur_slab",
            "required": false
        },
        {
            "id": "minecraft:quartz_slab",
            "required": false
        },
        {
            "id": "minecraft:red_nether_brick_slab",
            "required": false
        },
        {
            "id": "minecraft:red_sandstone_slab",
            "required": false
        },
        {
            "id": "minecraft:sandstone_slab",
            "required": false
        },
        {
            "id": "minecraft:smooth_quartz_slab",
            "required": false
        },
        {
            "id": "minecraft:smooth_red_sandstone_slab",
            "required": false
        },
        {
            "id": "minecraft:smooth_sandstone_slab",
            "required": false
        },
        {
            "id": "minecraft:smooth_stone_slab",
            "required": false
        },
        {
            "id": "minecraft:spruce_slab",
            "required": false
        },
        {
            "id": "minecraft:stone_brick_slab",
            "required": false
        },
        {
            "id": "minecraft:stone_slab",
            "required": false
        },
        {
            "id": "minecraft:tuff_brick_slab",
            "required": false
        },
        {
            "id": "minecraft:tuff_slab",
            "required": false
        },
        {
            "id": "minecraft:warped_slab",
            "required": false
        },
        {
            "id": "minecraft:waxed_cut_copper_slab",
            "required": false
        },
        {
            "id": "minecraft:waxed_exposed_cut_copper_slab",
            "required": false
        },
        {
            "id": "minecraft:waxed_oxidized_cut_copper_slab",
            "required": false
        },
        {
            "id": "minecraft:waxed_weathered_cut_copper_slab",
            "required": false
        },
        {
            "id": "minecraft:weathered_cut_copper_slab",
            "required": false
        }
    ]
}