{
    "values": [
        {
            "id": "minecraft:acacia_leaves",
            "required": false
        },
        {
            "id": "minecraft:acacia_log",
            "required": false
        },
        {
            "id": "minecraft:acacia_planks",
            "required": false
        },
        {
            "id": "minecraft:acacia_wood",
            "required": false
        },
        {
            "id": "minecraft:amethyst_block",
            "required": false
        },
        {
            "id": "minecraft:ancient_debris",
            "required": false
        },
        {
            "id": "minecraft:andesite",
            "required": false
        },
        {
            "id": "minecraft:azalea_leaves",
            "required": false
        },
        {
            "id": "minecraft:bamboo_block",
            "required": false
        },
        {
            "id": "minecraft:bamboo_mosaic",
            "required": false
        },
        {
            "id": "minecraft:bamboo_planks",
            "required": false
        },
        {
            "id": "minecraft:barrel",
            "required": false
        },
        {
            "id": "minecraft:barrier",
            "required": false
        },
        {
            "id": "minecraft:basalt",
            "required": false
        },
        {
            "id": "minecraft:beacon",
            "required": false
        },
        {
            "id": "minecraft:bedrock",
            "required": false
        },
        {
            "id": "minecraft:bee_nest",
            "required": false
        },
        {
            "id": "minecraft:beehive",
            "required": false
        },
        {
            "id": "minecraft:birch_leaves",
            "required": false
        },
        {
            "id": "minecraft:birch_log",
            "required": false
        },
        {
            "id": "minecraft:birch_planks",
            "required": false
        },
        {
            "id": "minecraft:birch_wood",
            "required": false
        },
        {
            "id": "minecraft:black_concrete",
            "required": false
        },
        {
            "id": "minecraft:black_concrete_powder",
            "required": false
        },
        {
            "id": "minecraft:black_glazed_terracotta",
            "required": false
        },
        {
            "id": "minecraft:black_shulker_box",
            "required": false
        },
        {
            "id": "minecraft:black_stained_glass",
            "required": false
        },
        {
            "id": "minecraft:black_terracotta",
            "required": false
        },
        {
            "id": "minecraft:black_wool",
            "required": false
        },
        {
            "id": "minecraft:blackstone",
            "required": false
        },
        {
            "id": "minecraft:blast_furnace",
            "required": false
        },
        {
            "id": "minecraft:blue_concrete",
            "required": false
        },
        {
            "id": "minecraft:blue_concrete_powder",
            "required": false
        },
        {
            "id": "minecraft:blue_glazed_terracotta",
            "required": false
        },
        {
            "id": "minecraft:blue_ice",
            "required": false
        },
        {
            "id": "minecraft:blue_shulker_box",
            "required": false
        },
        {
            "id": "minecraft:blue_stained_glass",
            "required": false
        },
        {
            "id": "minecraft:blue_terracotta",
            "required": false
        },
        {
            "id": "minecraft:blue_wool",
            "required": false
        },
        {
            "id": "minecraft:bone_block",
            "required": false
        },
        {
            "id": "minecraft:bookshelf",
            "required": false
        },
        {
            "id": "minecraft:brain_coral_block",
            "required": false
        },
        {
            "id": "minecraft:bricks",
            "required": false
        },
        {
            "id": "minecraft:brown_concrete",
            "required": false
        },
        {
            "id": "minecraft:brown_concrete_powder",
            "required": false
        },
        {
            "id": "minecraft:brown_glazed_terracotta",
            "required": false
        },
        {
            "id": "minecraft:brown_mushroom_block",
            "required": false
        },
        {
            "id": "minecraft:brown_shulker_box",
            "required": false
        },
        {
            "id": "minecraft:brown_stained_glass",
            "required": false
        },
        {
            "id": "minecraft:brown_terracotta",
            "required": false
        },
        {
            "id": "minecraft:brown_wool",
            "required": false
        },
        {
            "id": "minecraft:bubble_coral_block",
            "required": false
        },
        {
            "id": "minecraft:budding_amethyst",
            "required": false
        },
        {
            "id": "minecraft:calcite",
            "required": false
        },
        {
            "id": "minecraft:cartography_table",
            "required": false
        },
        {
            "id": "minecraft:carved_pumpkin",
            "required": false
        },
        {
            "id": "minecraft:chain_command_block",
            "required": false
        },
        {
            "id": "minecraft:cherry_leaves",
            "required": false
        },
        {
            "id": "minecraft:cherry_log",
            "required": false
        },
        {
            "id": "minecraft:cherry_planks",
            "required": false
        },
        {
            "id": "minecraft:cherry_wood",
            "required": false
        },
        {
            "id": "minecraft:chiseled_bookshelf",
            "required": false
        },
        {
            "id": "minecraft:chiseled_copper",
            "required": false
        },
        {
            "id": "minecraft:chiseled_deepslate",
            "required": false
        },
        {
            "id": "minecraft:chiseled_nether_bricks",
            "required": false
        },
        {
            "id": "minecraft:chiseled_polished_blackstone",
            "required": false
        },
        {
            "id": "minecraft:chiseled_quartz_block",
            "required": false
        },
        {
            "id": "minecraft:chiseled_red_sandstone",
            "required": false
        },
        {
            "id": "minecraft:chiseled_sandstone",
            "required": false
        },
        {
            "id": "minecraft:chiseled_stone_bricks",
            "required": false
        },
        {
            "id": "minecraft:chiseled_tuff",
            "required": false
        },
        {
            "id": "minecraft:chiseled_tuff_bricks",
            "required": false
        },
        {
            "id": "minecraft:chorus_flower",
            "required": false
        },
        {
            "id": "minecraft:clay",
            "required": false
        },
        {
            "id": "minecraft:coal_block",
            "required": false
        },
        {
            "id": "minecraft:coal_ore",
            "required": false
        },
        {
            "id": "minecraft:coarse_dirt",
            "required": false
        },
        {
            "id": "minecraft:cobbled_deepslate",
            "required": false
        },
        {
            "id": "minecraft:cobblestone",
            "required": false
        },
        {
            "id": "minecraft:cobweb",
            "required": false
        },
        {
            "id": "minecraft:command_block",
            "required": false
        },
        {
            "id": "minecraft:copper_block",
            "required": false
        },
        {
            "id": "minecraft:copper_bulb",
            "required": false
        },
        {
            "id": "minecraft:copper_grate",
            "required": false
        },
        {
            "id": "minecraft:copper_ore",
            "required": false
        },
        {
            "id": "minecraft:cracked_deepslate_bricks",
            "required": false
        },
        {
            "id": "minecraft:cracked_deepslate_tiles",
            "required": false
        },
        {
            "id": "minecraft:cracked_nether_bricks",
            "required": false
        },
        {
            "id": "minecraft:cracked_polished_blackstone_bricks",
            "required": false
        },
        {
            "id": "minecraft:cracked_stone_bricks",
            "required": false
        },
        {
            "id": "minecraft:crafter",
            "required": false
        },
        {
            "id": "minecraft:crafting_table",
            "required": false
        },
        {
            "id": "minecraft:crimson_hyphae",
            "required": false
        },
        {
            "id": "minecraft:crimson_nylium",
            "required": false
        },
        {
            "id": "minecraft:crimson_planks",
            "required": false
        },
        {
            "id": "minecraft:crimson_stem",
            "required": false
        },
        {
            "id": "minecraft:crying_obsidian",
            "required": false
        },
        {
            "id": "minecraft:cut_copper",
            "required": false
        },
        {
            "id": "minecraft:cut_red_sandstone",
            "required": false
        },
        {
            "id": "minecraft:cut_sandstone",
            "required": false
        },
        {
            "id": "minecraft:cyan_concrete",
            "required": false
        },
        {
            "id": "minecraft:cyan_concrete_powder",
            "required": false
        },
        {
            "id": "minecraft:cyan_glazed_terracotta",
            "required": false
        },
        {
            "id": "minecraft:cyan_shulker_box",
            "required": false
        },
        {
            "id": "minecraft:cyan_stained_glass",
            "required": false
        },
        {
            "id": "minecraft:cyan_terracotta",
            "required": false
        },
        {
            "id": "minecraft:cyan_wool",
            "required": false
        },
        {
            "id": "minecraft:dark_oak_leaves",
            "required": false
        },
        {
            "id": "minecraft:dark_oak_log",
            "required": false
        },
        {
            "id": "minecraft:dark_oak_planks",
            "required": false
        },
        {
            "id": "minecraft:dark_oak_wood",
            "required": false
        },
        {
            "id": "minecraft:dark_prismarine",
            "required": false
        },
        {
            "id": "minecraft:dead_brain_coral_block",
            "required": false
        },
        {
            "id": "minecraft:dead_bubble_coral_block",
            "required": false
        },
        {
            "id": "minecraft:dead_fire_coral_block",
            "required": false
        },
        {
            "id": "minecraft:dead_horn_coral_block",
            "required": false
        },
        {
            "id": "minecraft:dead_tube_coral_block",
            "required": false
        },
        {
            "id": "minecraft:deepslate",
            "required": false
        },
        {
            "id": "minecraft:deepslate_bricks",
            "required": false
        },
        {
            "id": "minecraft:deepslate_coal_ore",
            "required": false
        },
        {
            "id": "minecraft:deepslate_copper_ore",
            "required": false
        },
        {
            "id": "minecraft:deepslate_diamond_ore",
            "required": false
        },
        {
            "id": "minecraft:deepslate_emerald_ore",
            "required": false
        },
        {
            "id": "minecraft:deepslate_gold_ore",
            "required": false
        },
        {
            "id": "minecraft:deepslate_iron_ore",
            "required": false
        },
        {
            "id": "minecraft:deepslate_lapis_ore",
            "required": false
        },
        {
            "id": "minecraft:deepslate_redstone_ore",
            "required": false
        },
        {
            "id": "minecraft:deepslate_tiles",
            "required": false
        },
        {
            "id": "minecraft:diamond_block",
            "required": false
        },
        {
            "id": "minecraft:diamond_ore",
            "required": false
        },
        {
            "id": "minecraft:diorite",
            "required": false
        },
        {
            "id": "minecraft:dirt",
            "required": false
        },
        {
            "id": "minecraft:dispenser",
            "required": false
        },
        {
            "id": "minecraft:dried_kelp_block",
            "required": false
        },
        {
            "id": "minecraft:dripstone_block",
            "required": false
        },
        {
            "id": "minecraft:dropper",
            "required": false
        },
        {
            "id": "minecraft:emerald_block",
            "required": false
        },
        {
            "id": "minecraft:emerald_ore",
            "required": false
        },
        {
            "id": "minecraft:end_gateway",
            "required": false
        },
        {
            "id": "minecraft:end_stone",
            "required": false
        },
        {
            "id": "minecraft:end_stone_bricks",
            "required": false
        },
        {
            "id": "minecraft:exposed_chiseled_copper",
            "required": false
        },
        {
            "id": "minecraft:exposed_copper",
            "required": false
        },
        {
            "id": "minecraft:exposed_copper_bulb",
            "required": false
        },
        {
            "id": "minecraft:exposed_copper_grate",
            "required": false
        },
        {
            "id": "minecraft:exposed_cut_copper",
            "required": false
        },
        {
            "id": "minecraft:fire_coral_block",
            "required": false
        },
        {
            "id": "minecraft:fletching_table",
            "required": false
        },
        {
            "id": "minecraft:flowering_azalea_leaves",
            "required": false
        },
        {
            "id": "minecraft:frosted_ice",
            "required": false
        },
        {
            "id": "minecraft:furnace",
            "required": false
        },
        {
            "id": "minecraft:gilded_blackstone",
            "required": false
        },
        {
            "id": "minecraft:glass",
            "required": false
        },
        {
            "id": "minecraft:glowstone",
            "required": false
        },
        {
            "id": "minecraft:gold_block",
            "required": false
        },
        {
            "id": "minecraft:gold_ore",
            "required": false
        },
        {
            "id": "minecraft:granite",
            "required": false
        },
        {
            "id": "minecraft:grass_block",
            "required": false
        },
        {
            "id": "minecraft:gravel",
            "required": false
        },
        {
            "id": "minecraft:gray_concrete",
            "required": false
        },
        {
            "id": "minecraft:gray_concrete_powder",
            "required": false
        },
        {
            "id": "minecraft:gray_glazed_terracotta",
            "required": false
        },
        {
            "id": "minecraft:gray_shulker_box",
            "required": false
        },
        {
            "id": "minecraft:gray_stained_glass",
            "required": false
        },
        {
            "id": "minecraft:gray_terracotta",
            "required": false
        },
        {
            "id": "minecraft:gray_wool",
            "required": false
        },
        {
            "id": "minecraft:green_concrete",
            "required": false
        },
        {
            "id": "minecraft:green_concrete_powder",
            "required": false
        },
        {
            "id": "minecraft:green_glazed_terracotta",
            "required": false
        },
        {
            "id": "minecraft:green_shulker_box",
            "required": false
        },
        {
            "id": "minecraft:green_stained_glass",
            "required": false
        },
        {
            "id": "minecraft:green_terracotta",
            "required": false
        },
        {
            "id": "minecraft:green_wool",
            "required": false
        },
        {
            "id": "minecraft:hay_block",
            "required": false
        },
        {
            "id": "minecraft:honey_block",
            "required": false
        },
        {
            "id": "minecraft:honeycomb_block",
            "required": false
        },
        {
            "id": "minecraft:horn_coral_block",
            "required": false
        },
        {
            "id": "minecraft:ice",
            "required": false
        },
        {
            "id": "minecraft:infested_chiseled_stone_bricks",
            "required": false
        },
        {
            "id": "minecraft:infested_cobblestone",
            "required": false
        },
        {
            "id": "minecraft:infested_cracked_stone_bricks",
            "required": false
        },
        {
            "id": "minecraft:infested_deepslate",
            "required": false
        },
        {
            "id": "minecraft:infested_mossy_stone_bricks",
            "required": false
        },
        {
            "id": "minecraft:infested_stone",
            "required": false
        },
        {
            "id": "minecraft:infested_stone_bricks",
            "required": false
        },
        {
            "id": "minecraft:iron_block",
            "required": false
        },
        {
            "id": "minecraft:iron_ore",
            "required": false
        },
        {
            "id": "minecraft:jack_o_lantern",
            "required": false
        },
        {
            "id": "minecraft:jigsaw",
            "required": false
        },
        {
            "id": "minecraft:jukebox",
            "required": false
        },
        {
            "id": "minecraft:jungle_leaves",
            "required": false
        },
        {
            "id": "minecraft:jungle_log",
            "required": false
        },
        {
            "id": "minecraft:jungle_planks",
            "required": false
        },
        {
            "id": "minecraft:jungle_wood",
            "required": false
        },
        {
            "id": "minecraft:kelp_plant",
            "required": false
        },
        {
            "id": "minecraft:lapis_block",
            "required": false
        },
        {
            "id": "minecraft:lapis_ore",
            "required": false
        },
        {
            "id": "minecraft:large_fern",
            "required": false
        },
        {
            "id": "minecraft:light_blue_concrete",
            "required": false
        },
        {
            "id": "minecraft:light_blue_concrete_powder",
            "required": false
        },
        {
            "id": "minecraft:light_blue_glazed_terracotta",
            "required": false
        },
        {
            "id": "minecraft:light_blue_shulker_box",
            "required": false
        },
        {
            "id": "minecraft:light_blue_stained_glass",
            "required": false
        },
        {
            "id": "minecraft:light_blue_terracotta",
            "required": false
        },
        {
            "id": "minecraft:light_blue_wool",
            "required": false
        },
        {
            "id": "minecraft:light_gray_concrete",
            "required": false
        },
        {
            "id": "minecraft:light_gray_concrete_powder",
            "required": false
        },
        {
            "id": "minecraft:light_gray_glazed_terracotta",
            "required": false
        },
        {
            "id": "minecraft:light_gray_shulker_box",
            "required": false
        },
        {
            "id": "minecraft:light_gray_stained_glass",
            "required": false
        },
        {
            "id": "minecraft:light_gray_terracotta",
            "required": false
        },
        {
            "id": "minecraft:light_gray_wool",
            "required": false
        },
        {
            "id": "minecraft:lilac",
            "required": false
        },
        {
            "id": "minecraft:lime_concrete",
            "required": false
        },
        {
            "id": "minecraft:lime_concrete_powder",
            "required": false
        },
        {
            "id": "minecraft:lime_glazed_terracotta",
            "required": false
        },
        {
            "id": "minecraft:lime_shulker_box",
            "required": false
        },
        {
            "id": "minecraft:lime_stained_glass",
            "required": false
        },
        {
            "id": "minecraft:lime_terracotta",
            "required": false
        },
        {
            "id": "minecraft:lime_wool",
            "required": false
        },
        {
            "id": "minecraft:lodestone",
            "required": false
        },
        {
            "id": "minecraft:loom",
            "required": false
        },
        {
            "id": "minecraft:magenta_concrete",
            "required": false
        },
        {
            "id": "minecraft:magenta_concrete_powder",
            "required": false
        },
        {
            "id": "minecraft:magenta_glazed_terracotta",
            "required": false
        },
        {
            "id": "minecraft:magenta_shulker_box",
            "required": false
        },
        {
            "id": "minecraft:magenta_stained_glass",
            "required": false
        },
        {
            "id": "minecraft:magenta_terracotta",
            "required": false
        },
        {
            "id": "minecraft:magenta_wool",
            "required": false
        },
        {
            "id": "minecraft:magma_block",
            "required": false
        },
        {
            "id": "minecraft:mangrove_leaves",
            "required": false
        },
        {
            "id": "minecraft:mangrove_log",
            "required": false
        },
        {
            "id": "minecraft:mangrove_planks",
            "required": false
        },
        {
            "id": "minecraft:mangrove_roots",
            "required": false
        },
        {
            "id": "minecraft:mangrove_wood",
            "required": false
        },
        {
            "id": "minecraft:melon",
            "required": false
        },
        {
            "id": "minecraft:moss_block",
            "required": false
        },
        {
            "id": "minecraft:mossy_cobblestone",
            "required": false
        },
        {
            "id": "minecraft:mossy_stone_bricks",
            "required": false
        },
        {
            "id": "minecraft:mud",
            "required": false
        },
        {
            "id": "minecraft:mud_bricks",
            "required": false
        },
        {
            "id": "minecraft:muddy_mangrove_roots",
            "required": false
        },
        {
            "id": "minecraft:mushroom_stem",
            "required": false
        },
        {
            "id": "minecraft:mycelium",
            "required": false
        },
        {
            "id": "minecraft:nether_bricks",
            "required": false
        },
        {
            "id": "minecraft:nether_gold_ore",
            "required": false
        },
        {
            "id": "minecraft:nether_quartz_ore",
            "required": false
        },
        {
            "id": "minecraft:nether_wart_block",
            "required": false
        },
        {
            "id": "minecraft:netherite_block",
            "required": false
        },
        {
            "id": "minecraft:netherrack",
            "required": false
        },
        {
            "id": "minecraft:note_block",
            "required": false
        },
        {
            "id": "minecraft:oak_leaves",
            "required": false
        },
        {
            "id": "minecraft:oak_log",
            "required": false
        },
        {
            "id": "minecraft:oak_planks",
            "required": false
        },
        {
            "id": "minecraft:oak_wood",
            "required": false
        },
        {
            "id": "minecraft:observer",
            "required": false
        },
        {
            "id": "minecraft:obsidian",
            "required": false
        },
        {
            "id": "minecraft:ochre_froglight",
            "required": false
        },
        {
            "id": "minecraft:orange_concrete",
            "required": false
        },
        {
            "id": "minecraft:orange_concrete_powder",
            "required": false
        },
        {
            "id": "minecraft:orange_glazed_terracotta",
            "required": false
        },
        {
            "id": "minecraft:orange_shulker_box",
            "required": false
        },
        {
            "id": "minecraft:orange_stained_glass",
            "required": false
        },
        {
            "id": "minecraft:orange_terracotta",
            "required": false
        },
        {
            "id": "minecraft:orange_wool",
            "required": false
        },
        {
            "id": "minecraft:oxidized_chiseled_copper",
            "required": false
        },
        {
            "id": "minecraft:oxidized_copper",
            "required": false
        },
        {
            "id": "minecraft:oxidized_copper_bulb",
            "required": false
        },
        {
            "id": "minecraft:oxidized_copper_grate",
            "required": false
        },
        {
            "id": "minecraft:oxidized_cut_copper",
            "required": false
        },
        {
            "id": "minecraft:packed_ice",
            "required": false
        },
        {
            "id": "minecraft:packed_mud",
            "required": false
        },
        {
            "id": "minecraft:pearlescent_froglight",
            "required": false
        },
        {
            "id": "minecraft:peony",
            "required": false
        },
        {
            "id": "minecraft:pink_concrete",
            "required": false
        },
        {
            "id": "minecraft:pink_concrete_powder",
            "required": false
        },
        {
            "id": "minecraft:pink_glazed_terracotta",
            "required": false
        },
        {
            "id": "minecraft:pink_shulker_box",
            "required": false
        },
        {
            "id": "minecraft:pink_stained_glass",
            "required": false
        },
        {
            "id": "minecraft:pink_terracotta",
            "required": false
        },
        {
            "id": "minecraft:pink_wool",
            "required": false
        },
        {
            "id": "minecraft:pitcher_plant",
            "required": false
        },
        {
            "id": "minecraft:podzol",
            "required": false
        },
        {
            "id": "minecraft:polished_andesite",
            "required": false
        },
        {
            "id": "minecraft:polished_basalt",
            "required": false
        },
        {
            "id": "minecraft:polished_blackstone",
            "required": false
        },
        {
            "id": "minecraft:polished_blackstone_bricks",
            "required": false
        },
        {
            "id": "minecraft:polished_deepslate",
            "required": false
        },
        {
            "id": "minecraft:polished_diorite",
            "required": false
        },
        {
            "id": "minecraft:polished_granite",
            "required": false
        },
        {
            "id": "minecraft:polished_tuff",
            "required": false
        },
        {
            "id": "minecraft:powder_snow",
            "required": false
        },
        {
            "id": "minecraft:prismarine",
            "required": false
        },
        {
            "id": "minecraft:prismarine_bricks",
            "required": false
        },
        {
            "id": "minecraft:pumpkin",
            "required": false
        },
        {
            "id": "minecraft:purple_concrete",
            "required": false
        },
        {
            "id": "minecraft:purple_concrete_powder",
            "required": false
        },
        {
            "id": "minecraft:purple_glazed_terracotta",
            "required": false
        },
        {
            "id": "minecraft:purple_shulker_box",
            "required": false
        },
        {
            "id": "minecraft:purple_stained_glass",
            "required": false
        },
        {
            "id": "minecraft:purple_terracotta",
            "required": false
        },
        {
            "id": "minecraft:purple_wool",
            "required": false
        },
        {
            "id": "minecraft:purpur_block",
            "required": false
        },
        {
            "id": "minecraft:purpur_pillar",
            "required": false
        },
        {
            "id": "minecraft:quartz_block",
            "required": false
        },
        {
            "id": "minecraft:quartz_bricks",
            "required": false
        },
        {
            "id": "minecraft:quartz_pillar",
            "required": false
        },
        {
            "id": "minecraft:raw_copper_block",
            "required": false
        },
        {
            "id": "minecraft:raw_gold_block",
            "required": false
        },
        {
            "id": "minecraft:raw_iron_block",
            "required": false
        },
        {
            "id": "minecraft:red_concrete",
            "required": false
        },
        {
            "id": "minecraft:red_concrete_powder",
            "required": false
        },
        {
            "id": "minecraft:red_glazed_terracotta",
            "required": false
        },
        {
            "id": "minecraft:red_mushroom_block",
            "required": false
        },
        {
            "id": "minecraft:red_nether_bricks",
            "required": false
        },
        {
            "id": "minecraft:red_sand",
            "required": false
        },
        {
            "id": "minecraft:red_sandstone",
            "required": false
        },
        {
            "id": "minecraft:red_shulker_box",
            "required": false
        },
        {
            "id": "minecraft:red_stained_glass",
            "required": false
        },
        {
            "id": "minecraft:red_terracotta",
            "required": false
        },
        {
            "id": "minecraft:red_wool",
            "required": false
        },
        {
            "id": "minecraft:redstone_block",
            "required": false
        },
        {
            "id": "minecraft:redstone_lamp",
            "required": false
        },
        {
            "id": "minecraft:redstone_ore",
            "required": false
        },
        {
            "id": "minecraft:reinforced_deepslate",
            "required": false
        },
        {
            "id": "minecraft:repeating_command_block",
            "required": false
        },
        {
            "id": "minecraft:respawn_anchor",
            "required": false
        },
        {
            "id": "minecraft:rooted_dirt",
            "required": false
        },
        {
            "id": "minecraft:rose_bush",
            "required": false
        },
        {
            "id": "minecraft:sand",
            "required": false
        },
        {
            "id": "minecraft:sandstone",
            "required": false
        },
        {
            "id": "minecraft:sculk",
            "required": false
        },
        {
            "id": "minecraft:sculk_catalyst",
            "required": false
        },
        {
            "id": "minecraft:sculk_shrieker",
            "required": false
        },
        {
            "id": "minecraft:sea_lantern",
            "required": false
        },
        {
            "id": "minecraft:shroomlight",
            "required": false
        },
        {
            "id": "minecraft:shulker_box",
            "required": false
        },
        {
            "id": "minecraft:slime_block",
            "required": false
        },
        {
            "id": "minecraft:smithing_table",
            "required": false
        },
        {
            "id": "minecraft:smoker",
            "required": false
        },
        {
            "id": "minecraft:smooth_basalt",
            "required": false
        },
        {
            "id": "minecraft:smooth_quartz",
            "required": false
        },
        {
            "id": "minecraft:smooth_red_sandstone",
            "required": false
        },
        {
            "id": "minecraft:smooth_sandstone",
            "required": false
        },
        {
            "id": "minecraft:smooth_stone",
            "required": false
        },
        {
            "id": "minecraft:snow_block",
            "required": false
        },
        {
            "id": "minecraft:soul_sand",
            "required": false
        },
        {
            "id": "minecraft:soul_soil",
            "required": false
        },
        {
            "id": "minecraft:spawner",
            "required": false
        },
        {
            "id": "minecraft:sponge",
            "required": false
        },
        {
            "id": "minecraft:spruce_leaves",
            "required": false
        },
        {
            "id": "minecraft:spruce_log",
            "required": false
        },
        {
            "id": "minecraft:spruce_planks",
            "required": false
        },
        {
            "id": "minecraft:spruce_wood",
            "required": false
        },
        {
            "id": "minecraft:stone",
            "required": false
        },
        {
            "id": "minecraft:stone_bricks",
            "required": false
        },
        {
            "id": "minecraft:stripped_acacia_log",
            "required": false
        },
        {
            "id": "minecraft:stripped_acacia_wood",
            "required": false
        },
        {
            "id": "minecraft:stripped_bamboo_block",
            "required": false
        },
        {
            "id": "minecraft:stripped_birch_log",
            "required": false
        },
        {
            "id": "minecraft:stripped_birch_wood",
            "required": false
        },
        {
            "id": "minecraft:stripped_cherry_log",
            "required": false
        },
        {
            "id": "minecraft:stripped_cherry_wood",
            "required": false
        },
        {
            "id": "minecraft:stripped_crimson_hyphae",
            "required": false
        },
        {
            "id": "minecraft:stripped_crimson_stem",
            "required": false
        },
        {
            "id": "minecraft:stripped_dark_oak_log",
            "required": false
        },
        {
            "id": "minecraft:stripped_dark_oak_wood",
            "required": false
        },
        {
            "id": "minecraft:stripped_jungle_log",
            "required": false
        },
        {
            "id": "minecraft:stripped_jungle_wood",
            "required": false
        },
        {
            "id": "minecraft:stripped_mangrove_log",
            "required": false
        },
        {
            "id": "minecraft:stripped_mangrove_wood",
            "required": false
        },
        {
            "id": "minecraft:stripped_oak_log",
            "required": false
        },
        {
            "id": "minecraft:stripped_oak_wood",
            "required": false
        },
        {
            "id": "minecraft:stripped_spruce_log",
            "required": false
        },
        {
            "id": "minecraft:stripped_spruce_wood",
            "required": false
        },
        {
            "id": "minecraft:stripped_warped_hyphae",
            "required": false
        },
        {
            "id": "minecraft:stripped_warped_stem",
            "required": false
        },
        {
            "id": "minecraft:structure_block",
            "required": false
        },
        {
            "id": "minecraft:sunflower",
            "required": false
        },
        {
            "id": "minecraft:suspicious_gravel",
            "required": false
        },
        {
            "id": "minecraft:suspicious_sand",
            "required": false
        },
        {
            "id": "minecraft:tall_grass",
            "required": false
        },
        {
            "id": "minecraft:target",
            "required": false
        },
        {
            "id": "minecraft:terracotta",
            "required": false
        },
        {
            "id": "minecraft:tinted_glass",
            "required": false
        },
        {
            "id": "minecraft:tnt",
            "required": false
        },
        {
            "id": "minecraft:trial_spawner",
            "required": false
        },
        {
            "id": "minecraft:tube_coral_block",
            "required": false
        },
        {
            "id": "minecraft:tuff",
            "required": false
        },
        {
            "id": "minecraft:tuff_bricks",
            "required": false
        },
        {
            "id": "minecraft:verdant_froglight",
            "required": false
        },
        {
            "id": "minecraft:warped_hyphae",
            "required": false
        },
        {
            "id": "minecraft:warped_nylium",
            "required": false
        },
        {
            "id": "minecraft:warped_planks",
            "required": false
        },
        {
            "id": "minecraft:warped_stem",
            "required": false
        },
        {
            "id": "minecraft:warped_wart_block",
            "required": false
        },
        {
            "id": "minecraft:waxed_chiseled_copper",
            "required": false
        },
        {
            "id": "minecraft:waxed_copper_block",
            "required": false
        },
        {
            "id": "minecraft:waxed_copper_bulb",
            "required": false
        },
        {
            "id": "minecraft:waxed_copper_grate",
            "required": false
        },
        {
            "id": "minecraft:waxed_cut_copper",
            "required": false
        },
        {
            "id": "minecraft:waxed_exposed_chiseled_copper",
            "required": false
        },
        {
            "id": "minecraft:waxed_exposed_copper",
            "required": false
        },
        {
            "id": "minecraft:waxed_exposed_copper_bulb",
            "required": false
        },
        {
            "id": "minecraft:waxed_exposed_copper_grate",
            "required": false
        },
        {
            "id": "minecraft:waxed_exposed_cut_copper",
            "required": false
        },
        {
            "id": "minecraft:waxed_oxidized_chiseled_copper",
            "required": false
        },
        {
            "id": "minecraft:waxed_oxidized_copper",
            "required": false
        },
        {
            "id": "minecraft:waxed_oxidized_copper_bulb",
            "required": false
        },
        {
            "id": "minecraft:waxed_oxidized_copper_grate",
            "required": false
        },
        {
            "id": "minecraft:waxed_oxidized_cut_copper",
            "required": false
        },
        {
            "id": "minecraft:waxed_weathered_chiseled_copper",
            "required": false
        },
        {
            "id": "minecraft:waxed_weathered_copper",
            "required": false
        },
        {
            "id": "minecraft:waxed_weathered_copper_bulb",
            "required": false
        },
        {
            "id": "minecraft:waxed_weathered_copper_grate",
            "required": false
        },
        {
            "id": "minecraft:waxed_weathered_cut_copper",
            "required": false
        },
        {
            "id": "minecraft:weathered_chiseled_copper",
            "required": false
        },
        {
            "id": "minecraft:weathered_copper",
            "required": false
        },
        {
            "id": "minecraft:weathered_copper_bulb",
            "required": false
        },
        {
            "id": "minecraft:weathered_copper_grate",
            "required": false
        },
        {
            "id": "minecraft:weathered_cut_copper",
            "required": false
        },
        {
            "id": "minecraft:wet_sponge",
            "required": false
        },
        {
            "id": "minecraft:white_concrete",
            "required": false
        },
        {
            "id": "minecraft:white_concrete_powder",
            "required": false
        },
        {
            "id": "minecraft:white_glazed_terracotta",
            "required": false
        },
        {
            "id": "minecraft:white_shulker_box",
            "required": false
        },
        {
            "id": "minecraft:white_stained_glass",
            "required": false
        },
        {
            "id": "minecraft:white_terracotta",
            "required": false
        },
        {
            "id": "minecraft:white_wool",
            "required": false
        },
        {
            "id": "minecraft:yellow_concrete",
            "required": false
        },
        {
            "id": "minecraft:yellow_concrete_powder",
            "required": false
        },
        {
            "id": "minecraft:yellow_glazed_terracotta",
            "required": false
        },
        {
            "id": "minecraft:yellow_shulker_box",
            "required": false
        },
        {
            "id": "minecraft:yellow_stained_glass",
            "required": false
        },
        {
            "id": "minecraft:yellow_terracotta",
            "required": false
        },
        {
            "id": "minecraft:yellow_wool",
            "required": false
        }
    ]
}