{
    "values": [
        {
            "id": "minecraft:acacia_pressure_plate",
            "required": false
        },
        {
            "id": "minecraft:bamboo_pressure_plate",
            "required": false
        },
        {
            "id": "minecraft:birch_pressure_plate",
            "required": false
        },
        {
            "id": "minecraft:cherry_pressure_plate",
            "required": false
        },
        {
            "id": "minecraft:crimson_pressure_plate",
            "required": false
        },
        {
            "id": "minecraft:dark_oak_pressure_plate",
            "required": false
        },
        {
            "id": "minecraft:jungle_pressure_plate",
            "required": false
        },
        {
            "id": "minecraft:mangrove_pressure_plate",
            "required": false
        },
        {
            "id": "minecraft:oak_pressure_plate",
            "required": false
        },
        {
            "id": "minecraft:polished_blackstone_pressure_plate",
            "required": false
        },
        {
            "id": "minecraft:spruce_pressure_plate",
            "required": false
        },
        {
            "id": "minecraft:stone_pressure_plate",
            "required": false
        },
        {
            "id": "minecraft:warped_pressure_plate",
            "required": false
        }
    ]
}